"Status","Start Time","Stop Time","Duration in ms","Parent Suite","Suite","Sub Suite","Test Class","Test Method","Name","Description"
"passed","Mon May 31 00:38:16 EEST 2021","Mon May 31 00:38:43 EEST 2021","27268","","Basic Form:","","Basic Form:","Delete Default Restriction","Delete Default Restriction",""
"passed","Mon May 31 01:58:57 EEST 2021","Mon May 31 01:59:57 EEST 2021","60322","","Localization:","","Localization:","Localization - Text Attribute","Localization - Text Attribute",""
"passed","Mon May 31 01:56:08 EEST 2021","Mon May 31 01:56:17 EEST 2021","8806","","Flow Map:","","Flow Map:","User can delete steps within the mockup","User can delete steps within the mockup",""
"passed","Mon May 31 01:34:32 EEST 2021","Mon May 31 01:34:53 EEST 2021","20773","","Flow Control:","","Flow Control:","User can add a close flow list for navigate to another step ","User can add a close flow list for navigate to another step ",""
"passed","Sun May 30 23:57:43 EEST 2021","Sun May 30 23:58:16 EEST 2021","33202","","Approval Tasks :","","Approval Tasks :","Approve a request with IsAdvisory=True, Competence Approval Mode=All with 2 Users/1 User Competence which has a Before Script.","Approve a request with IsAdvisory=True, Competence Approval Mode=All with 2 Users/1 User Competence which has a Before Script.",""
"passed","Mon May 31 01:31:44 EEST 2021","Mon May 31 01:32:21 EEST 2021","37521","","Flow Control:","","Flow Control:","User can create actions for business workflow.","User can create actions for business workflow.",""
"passed","Mon May 31 02:26:41 EEST 2021","Mon May 31 02:27:09 EEST 2021","28184","","Security Roles:","","Security Roles:","User can add a security role on form driven flow.","User can add a security role on form driven flow.",""
"passed","Mon May 31 00:17:44 EEST 2021","Mon May 31 00:18:34 EEST 2021","50672","","Attributes:","","Attributes:","User can add a map attribute to an entity.","User can add a map attribute to an entity.",""
"passed","Mon May 31 01:00:35 EEST 2021","Mon May 31 01:01:08 EEST 2021","33067","","Data Config:","","Data Config:","User can create and edit a Data Definition","User can create and edit a Data Definition",""
"passed","Mon May 31 01:09:43 EEST 2021","Mon May 31 01:10:06 EEST 2021","22759","","Relationship Entity:","","Relationship Entity:","User can insert insert an existing entity relationship","User can insert insert an existing entity relationship",""
"passed","Mon May 31 02:02:57 EEST 2021","Mon May 31 02:03:33 EEST 2021","35900","","Localization:","","Localization:","Localization - Entity Display Name and Collection Name, label","Localization - Entity Display Name and Collection Name, label",""
"passed","Mon May 31 01:34:53 EEST 2021","Mon May 31 01:35:13 EEST 2021","19865","","Flow Control:","","Flow Control:","User can add a close flow homepage for navigate to another step ","User can add a close flow homepage for navigate to another step ",""
"passed","Mon May 31 01:20:41 EEST 2021","Mon May 31 01:21:32 EEST 2021","51182","","Field Options:","","Field Options:","User can add dropdown field option.","User can add dropdown field option.",""
"passed","Mon May 31 01:07:48 EEST 2021","Mon May 31 01:08:08 EEST 2021","19973","","Audit Business Entity:","","Audit Business Entity:","User audit delete business entity","User audit delete business entity",""
"passed","Sun May 30 23:57:21 EEST 2021","Sun May 30 23:57:43 EEST 2021","21751","","Approval Tasks :","","Approval Tasks :","Approve a request with IsAdvisory=True, Competence Approval Mode=All with 1 User/1 User Competence which has a Before Script.","Approve a request with IsAdvisory=True, Competence Approval Mode=All with 1 User/1 User Competence which has a Before Script.",""
"passed","Mon May 31 01:55:40 EEST 2021","Mon May 31 01:55:54 EEST 2021","14448","","Flow Map:","","Flow Map:","User can edit steps within a mockup","User can edit steps within a mockup",""
"passed","Sun May 30 23:54:10 EEST 2021","Sun May 30 23:54:35 EEST 2021","24449","","Approval Tasks :","","Approval Tasks :","Approve a request with IsAdvisory=True, Competence Approval Mode=All with 1 User/1 User Competence.","Approve a request with IsAdvisory=True, Competence Approval Mode=All with 1 User/1 User Competence.",""
"passed","Mon May 31 02:53:35 EEST 2021","Mon May 31 02:53:48 EEST 2021","12740","","View:","","View:","User can search and filter by a date attribute data view","User can search and filter by a date attribute data view",""
"passed","Mon May 31 00:41:29 EEST 2021","Mon May 31 00:42:00 EEST 2021","30986","","Business Workflow:","","Business Workflow:","User can edit a business workflow configuration.","User can edit a business workflow configuration.",""
"passed","Mon May 31 00:02:46 EEST 2021","Mon May 31 00:03:10 EEST 2021","24104","","Approval Tasks :","","Approval Tasks :","Approve a request with IsAdvisory=True, Competence Approval Mode=Any with 2 Users/1 User Competence which has an After Script Error.","Approve a request with IsAdvisory=True, Competence Approval Mode=Any with 2 Users/1 User Competence which has an After Script Error.",""
"passed","Mon May 31 01:11:56 EEST 2021","Mon May 31 01:12:20 EEST 2021","23913","","Relationship Entity:","","Relationship Entity:","User can check constraint restricted relationship","User can check constraint restricted relationship",""
"passed","Mon May 31 01:10:36 EEST 2021","Mon May 31 01:11:14 EEST 2021","37408","","Relationship Entity:","","Relationship Entity:","User can create 1 to N relationship","User can create 1 to N relationship",""
"passed","Mon May 31 00:27:08 EEST 2021","Mon May 31 00:27:35 EEST 2021","26484","","Attributes:","","Attributes:","User can add a Text Area attribute to an entity.","User can add a Text Area attribute to an entity.",""
"passed","Mon May 31 02:25:48 EEST 2021","Mon May 31 02:25:58 EEST 2021","10718","","Security Roles:","","Security Roles:","User can delete system user.","User can delete system user.",""
"failed","Mon May 31 02:31:49 EEST 2021","Mon May 31 02:32:16 EEST 2021","26665","","Server Side Scripts:","","Server Side Scripts:","User can add/edit/delete/ an endpoint","User can add/edit/delete/ an endpoint",""
"passed","Mon May 31 00:28:58 EEST 2021","Mon May 31 00:29:50 EEST 2021","52556","","Attributes:","","Attributes:","User can add a File attribute to an entity.","User can add a File attribute to an entity.",""
"passed","Mon May 31 00:59:37 EEST 2021","Mon May 31 00:59:53 EEST 2021","15989","","Data Config:","","Data Config:","User can create a Many to One Data Definition","User can create a Many to One Data Definition",""
"passed","Mon May 31 00:05:50 EEST 2021","Mon May 31 00:06:17 EEST 2021","27229","","Approval Tasks :","","Approval Tasks :","Reject a request with IsAdvisory=False, Competence Approval Mode=Any with 2 Users/2 User Competence.","Reject a request with IsAdvisory=False, Competence Approval Mode=Any with 2 Users/2 User Competence.",""
"failed","Mon May 31 01:03:08 EEST 2021","Mon May 31 01:03:14 EEST 2021","5930","","Data Import/Export:","","Data Import/Export:","Data export - Attribute Type","Data export - Attribute Type",""
"passed","Mon May 31 01:42:26 EEST 2021","Mon May 31 01:42:54 EEST 2021","28106","","Flow Control:","","Flow Control:","User is redirected to Step3 if Text Input contains the given record","User is redirected to Step3 if Text Input contains the given record",""
"passed","Mon May 31 00:00:27 EEST 2021","Mon May 31 00:00:48 EEST 2021","21648","","Approval Tasks :","","Approval Tasks :","Approve a request with IsAdvisory=True, Competence Approval Mode=Any with 2 Users/1 User Competence which has an After Script.","Approve a request with IsAdvisory=True, Competence Approval Mode=Any with 2 Users/1 User Competence which has an After Script.",""
"passed","Mon May 31 00:00:49 EEST 2021","Mon May 31 00:01:16 EEST 2021","27563","","Approval Tasks :","","Approval Tasks :","Approve a request with IsAdvisory=True, Competence Approval Mode=All with 2 Users/2 User Competence which has an After Script.","Approve a request with IsAdvisory=True, Competence Approval Mode=All with 2 Users/2 User Competence which has an After Script.",""
"passed","Mon May 31 02:35:51 EEST 2021","Mon May 31 02:36:09 EEST 2021","17977","","UI Designer:","","UI Designer:","User can add containers using UI Designer","User can add containers using UI Designer",""
"passed","Mon May 31 02:46:47 EEST 2021","Mon May 31 02:47:44 EEST 2021","56911","","User Journey:","","User Journey:","User Journey - Edit Header","User Journey - Edit Header",""
"passed","Mon May 31 00:09:23 EEST 2021","Mon May 31 00:09:45 EEST 2021","22056","","Approval Tasks :","","Approval Tasks :","Reject a request with IsAdvisory=True, Competence Approval Mode=Any with 2 Users/1 User Competence which has an After Script.","Reject a request with IsAdvisory=True, Competence Approval Mode=Any with 2 Users/1 User Competence which has an After Script.",""
"passed","Mon May 31 02:57:16 EEST 2021","Mon May 31 02:57:25 EEST 2021","8236","","Entity:","","Entity:","Automate ""Pagination"" functionality","Automate ""Pagination"" functionality",""
"passed","Mon May 31 01:13:01 EEST 2021","Mon May 31 01:13:22 EEST 2021","20365","","Entity:","","Entity:","1 to N Same Relationship","1 to N Same Relationship",""
"failed","Mon May 31 01:04:33 EEST 2021","Mon May 31 01:04:38 EEST 2021","4985","","Deployment Packages:","","Deployment Packages:","User can edit, export, delete a Deployment Package","User can edit, export, delete a Deployment Package",""
"passed","Mon May 31 00:33:29 EEST 2021","Mon May 31 00:33:45 EEST 2021","15410","","Attributes:","","Attributes:","User can add a Blob attribute to an entity.","User can add a Blob attribute to an entity.",""
"passed","Mon May 31 02:52:45 EEST 2021","Mon May 31 02:52:56 EEST 2021","10630","","View:","","View:","User can search and filter by an option set attribute data view","User can search and filter by an option set attribute data view",""
"passed","Mon May 31 02:15:17 EEST 2021","Mon May 31 02:15:51 EEST 2021","33579","","Option Set:","","Option Set:","Edit Option set items list","Edit Option set items list",""
"passed","Mon May 31 01:18:16 EEST 2021","Mon May 31 01:18:53 EEST 2021","36486","","Extended Model:","","Extended Model:","Backoffice user creates an extended model - custom","Backoffice user creates an extended model - custom",""
"passed","Mon May 31 02:01:32 EEST 2021","Mon May 31 02:02:18 EEST 2021","45878","","Localization:","","Localization:","Localization - Form Section","Localization - Form Section",""
"passed","Mon May 31 01:00:10 EEST 2021","Mon May 31 01:00:35 EEST 2021","25650","","Data Config:","","Data Config:","User can create and delete a Data Definition","User can create and delete a Data Definition",""
"passed","Mon May 31 02:23:47 EEST 2021","Mon May 31 02:24:23 EEST 2021","36137","","Security Roles:","","Security Roles:","User can add a security role on form driven flow step.","User can add a security role on form driven flow step.",""
"passed","Mon May 31 00:12:41 EEST 2021","Mon May 31 00:13:47 EEST 2021","66013","","Attributes:","","Attributes:","User can add a boolean attribute to an entity.","User can add a boolean attribute to an entity.",""
"passed","Sun May 30 23:59:53 EEST 2021","Mon May 31 00:00:27 EEST 2021","33244","","Approval Tasks :","","Approval Tasks :","Approve a request with IsAdvisory=True, Competence Approval Mode=All with 2 Users/1 User Competence which has an After Script.","Approve a request with IsAdvisory=True, Competence Approval Mode=All with 2 Users/1 User Competence which has an After Script.",""
"passed","Mon May 31 00:26:42 EEST 2021","Mon May 31 00:27:08 EEST 2021","25706","","Attributes:","","Attributes:","User can add a Money attribute to an entity.","User can add a Money attribute to an entity.",""
"passed","Mon May 31 01:52:56 EEST 2021","Mon May 31 01:53:25 EEST 2021","28753","","Flow Control:","","Flow Control:","User is redirected to Step3 if the numeric input is grater or equal","User is redirected to Step3 if the numeric input is grater or equal",""
"passed","Mon May 31 02:48:32 EEST 2021","Mon May 31 02:49:01 EEST 2021","29489","","User Journey:","","User Journey:","Automate Edit+Delete Functionality UJ","Automate Edit+Delete Functionality UJ",""
"passed","Mon May 31 02:19:49 EEST 2021","Mon May 31 02:20:23 EEST 2021","33916","","Reports:","","Reports:","User can create a custom report for entity.","User can create a custom report for entity.",""
"passed","Mon May 31 00:42:00 EEST 2021","Mon May 31 00:42:39 EEST 2021","38675","","Business Workflow:","","Business Workflow:","User can create Approval rules to an existing business workflow.","User can create Approval rules to an existing business workflow.",""
"passed","Sun May 30 23:56:55 EEST 2021","Sun May 30 23:57:21 EEST 2021","25724","","Approval Tasks :","","Approval Tasks :","Approve a request with IsAdvisory=False, Competence Approval Mode=Any with 2 Users/2 User Competence.","Approve a request with IsAdvisory=False, Competence Approval Mode=Any with 2 Users/2 User Competence.",""
"passed","Mon May 31 02:09:37 EEST 2021","Mon May 31 02:10:52 EEST 2021","74576","","Menu Items:","","Menu Items:","Create entity menu item","Create entity menu item",""
"passed","Mon May 31 00:36:26 EEST 2021","Mon May 31 00:37:38 EEST 2021","71598","","Basic Form:","","Basic Form:","User can create form with sections","User can create form with sections",""
"passed","Mon May 31 01:10:19 EEST 2021","Mon May 31 01:10:36 EEST 2021","16833","","Relationship Entity:","","Relationship Entity:","User can check config entity relationship","User can check config entity relationship",""
"passed","Mon May 31 00:37:38 EEST 2021","Mon May 31 00:38:16 EEST 2021","37672","","Basic Form:","","Basic Form:","User can edit a basic form","User can edit a basic form",""
"passed","Sun May 30 23:58:16 EEST 2021","Sun May 30 23:58:38 EEST 2021","21672","","Approval Tasks :","","Approval Tasks :","Approve a request with IsAdvisory=True, Competence Approval Mode=Any with 2 Users/1 User Competence which has a Before Script.","Approve a request with IsAdvisory=True, Competence Approval Mode=Any with 2 Users/1 User Competence which has a Before Script.",""
"passed","Mon May 31 02:52:18 EEST 2021","Mon May 31 02:52:30 EEST 2021","11908","","View:","","View:","User can search and filter by a bool attribute data view","User can search and filter by a bool attribute data view",""
"passed","Mon May 31 02:24:23 EEST 2021","Mon May 31 02:24:57 EEST 2021","33797","","Security Roles:","","Security Roles:","User can edit sys user","User can edit sys user",""
"passed","Mon May 31 00:52:09 EEST 2021","Mon May 31 00:52:26 EEST 2021","17204","","Dashboard:","","Dashboard:","User can edit and delete widget dashboard","User can edit and delete widget dashboard",""
"failed","Mon May 31 01:03:46 EEST 2021","Mon May 31 01:04:16 EEST 2021","30547","","Data Import/Export:","","Data Import/Export:","Data export - Relationship","Data export - Relationship",""
"passed","Mon May 31 00:38:43 EEST 2021","Mon May 31 00:39:18 EEST 2021","34346","","Business Unit:","","Business Unit:","User can create, edit and delete business unit.","User can create, edit and delete business unit.",""
"passed","Mon May 31 02:58:26 EEST 2021","Mon May 31 02:58:39 EEST 2021","13636","","Virtual Attributes:","","Virtual Attributes:","Virtual Attribute - Custom","Virtual Attribute - Custom",""
"passed","Mon May 31 02:49:46 EEST 2021","Mon May 31 02:50:15 EEST 2021","29134","","View:","","View:","User can create a view with display name - data section","User can create a view with display name - data section",""
"passed","Mon May 31 01:21:32 EEST 2021","Mon May 31 01:22:17 EEST 2021","44802","","Field Options:","","Field Options:","User can add a field option on form.","User can add a field option on form.",""
"passed","Mon May 31 00:29:50 EEST 2021","Mon May 31 00:30:48 EEST 2021","57377","","Attributes:","","Attributes:","User can add an Invariant Date attribute to an entity.","User can add an Invariant Date attribute to an entity.",""
"passed","Mon May 31 01:51:12 EEST 2021","Mon May 31 01:51:38 EEST 2021","25893","","Flow Control:","","Flow Control:","User is redirected to Step3 if text area is blank","User is redirected to Step3 if text area is blank",""
"passed","Mon May 31 01:43:26 EEST 2021","Mon May 31 01:43:52 EEST 2021","25625","","Flow Control:","","Flow Control:","User is redirected to Step3 if Text Input is blank","User is redirected to Step3 if Text Input is blank",""
"passed","Mon May 31 01:52:05 EEST 2021","Mon May 31 01:52:30 EEST 2021","25885","","Flow Control:","","Flow Control:","User is redirected to Step3 if the numeric input is blank","User is redirected to Step3 if the numeric input is blank",""
"passed","Mon May 31 01:47:18 EEST 2021","Mon May 31 01:47:57 EEST 2021","38937","","Flow Control:","","Flow Control:","User is redirected to Step3 if bool attribute is true","User is redirected to Step3 if bool attribute is true",""
"passed","Mon May 31 00:06:17 EEST 2021","Mon May 31 00:06:40 EEST 2021","22588","","Approval Tasks :","","Approval Tasks :","Reject a request with IsAdvisory=True, Competence Approval Mode=All with 1 User/1 User Competence which has a Before Script.","Reject a request with IsAdvisory=True, Competence Approval Mode=All with 1 User/1 User Competence which has a Before Script.",""
"passed","Mon May 31 00:43:38 EEST 2021","Mon May 31 00:44:16 EEST 2021","37918","","Coding:","","Coding:","Coding - Basic Form Sections After Js","Coding - Basic Form Sections After Js",""
"passed","Mon May 31 01:51:38 EEST 2021","Mon May 31 01:52:04 EEST 2021","26068","","Flow Control:","","Flow Control:","User is redirected to Step3 if text area is not blank","User is redirected to Step3 if text area is not blank",""
"passed","Mon May 31 00:44:44 EEST 2021","Mon May 31 00:45:13 EEST 2021","28732","","Coding:","","Coding:","Coding - Uj Generic Form Before/After Js","Coding - Uj Generic Form Before/After Js",""
"passed","Mon May 31 02:28:57 EEST 2021","Mon May 31 02:29:37 EEST 2021","39835","","Server Scripts:","","Server Scripts:","User can add/edit/delete output structure","User can add/edit/delete output structure",""
"passed","Mon May 31 00:57:21 EEST 2021","Mon May 31 00:57:48 EEST 2021","26852","","Dashboard:","","Dashboard:","User can add charts to Dashboard","User can add charts to Dashboard",""
"failed","Mon May 31 02:28:15 EEST 2021","Mon May 31 02:28:56 EEST 2021","41493","","Server Scripts:","","Server Scripts:","Use can add/edit/delete input parameters","Use can add/edit/delete input parameters",""
"passed","Mon May 31 00:45:13 EEST 2021","Mon May 31 00:45:51 EEST 2021","37989","","Coding:","","Coding:","Coding - Uj Sections Form After Js","Coding - Uj Sections Form After Js",""
"passed","Mon May 31 02:59:37 EEST 2021","Mon May 31 03:00:19 EEST 2021","41831","","Virtual Attributes:","","Virtual Attributes:","Localize Virtual Attributes","Localize Virtual Attributes",""
"passed","Mon May 31 02:51:39 EEST 2021","Mon May 31 02:52:18 EEST 2021","38486","","View:","","View:","User can create a view - display options","User can create a view - display options",""
"passed","Mon May 31 00:01:45 EEST 2021","Mon May 31 00:02:09 EEST 2021","24094","","Approval Tasks :","","Approval Tasks :","Approve a request with IsAdvisory=True, Competence Approval Mode=All with 1 User/1 User Competence which has an After Script Error.","Approve a request with IsAdvisory=True, Competence Approval Mode=All with 1 User/1 User Competence which has an After Script Error.",""
"passed","Mon May 31 02:20:49 EEST 2021","Mon May 31 02:21:18 EEST 2021","28895","","Reports:","","Reports:","User can create a general simple grid report for entity.","User can create a general simple grid report for entity.",""
"passed","Mon May 31 02:57:05 EEST 2021","Mon May 31 02:57:16 EEST 2021","11627","","View:","","View:","Automate ""Delete record"" functionality","Automate ""Delete record"" functionality",""
"passed","Mon May 31 01:39:03 EEST 2021","Mon May 31 01:39:33 EEST 2021","29317","","Flow Control:","","Flow Control:","User can use the Close Flow Functionality to get redirected to Main Dashboard","User can use the Close Flow Functionality to get redirected to Main Dashboard",""
"passed","Mon May 31 01:04:39 EEST 2021","Mon May 31 01:05:51 EEST 2021","72405","","Business Entity:","","Business Entity:","User can create a new business entity","User can create a new business entity",""
"passed","Mon May 31 01:58:35 EEST 2021","Mon May 31 01:58:56 EEST 2021","21077","","Localization:","","Localization:","Localization - Menu, Dashboard, Wizard","Localization - Menu, Dashboard, Wizard",""
"passed","Mon May 31 02:52:30 EEST 2021","Mon May 31 02:52:45 EEST 2021","15321","","View:","","View:","User can search and filter by a text attribute data view","User can search and filter by a text attribute data view",""
"passed","Mon May 31 00:59:04 EEST 2021","Mon May 31 00:59:20 EEST 2021","16419","","Data Config:","","Data Config:","User can create a Details Colection Data Definition","User can create a Details Colection Data Definition",""
"passed","Mon May 31 01:08:08 EEST 2021","Mon May 31 01:09:24 EEST 2021","75227","","Relationship Entity:","","Relationship Entity:","User can create an entity relationship","User can create an entity relationship",""
"passed","Mon May 31 00:24:49 EEST 2021","Mon May 31 00:25:15 EEST 2021","25798","","Attributes:","","Attributes:","User can add a CSS attribute to an entity.","User can add a CSS attribute to an entity.",""
"failed","Mon May 31 01:17:40 EEST 2021","Mon May 31 01:18:05 EEST 2021","25023","","Transient Data Entity:","","Transient Data Entity:","User can create an extended model for transient data entity","User can create an extended model for transient data entity",""
"passed","Mon May 31 01:28:30 EEST 2021","Mon May 31 01:28:46 EEST 2021","16113","","Filtered Fields:","","Filtered Fields:","Use Filtered Field - User Journey Wizard Lookup","Use Filtered Field - User Journey Wizard Lookup",""
"passed","Mon May 31 02:54:40 EEST 2021","Mon May 31 02:54:58 EEST 2021","18121","","View:","","View:","User can inline editing row attribute data view","User can inline editing row attribute data view",""
"failed","Mon May 31 00:47:27 EEST 2021","Mon May 31 00:49:01 EEST 2021","94371","","Coding:","","Coding:","Coding - Field Options Form DE gandit si spart in 2 parti","Coding - Field Options Form DE gandit si spart in 2 parti",""
"passed","Mon May 31 01:16:33 EEST 2021","Mon May 31 01:16:39 EEST 2021","6494","","External Source Data Entity:","","External Source Data Entity:","User can update UserId and BusinessUnit by scripts","User can update UserId and BusinessUnit by scripts",""
"failed","Mon May 31 02:58:39 EEST 2021","Mon May 31 02:59:09 EEST 2021","29869","","Virtual Attributes:","","Virtual Attributes:","Virtual Attribute - Related","Virtual Attribute - Related",""
"passed","Mon May 31 01:31:16 EEST 2021","Mon May 31 01:31:43 EEST 2021","27464","","Flow Control:","","Flow Control:","User can update/delete a flow control rule business on Lookup Key ","User can update/delete a flow control rule business on Lookup Key ",""
"passed","Mon May 31 02:37:29 EEST 2021","Mon May 31 02:37:49 EEST 2021","20089","","UI Designer:","","UI Designer:","User can add an heading using UI Designer","User can add an heading using UI Designer",""
"passed","Mon May 31 02:54:01 EEST 2021","Mon May 31 02:54:18 EEST 2021","16504","","View:","","View:","User can search and filter by an invariant date attribute data view","User can search and filter by an invariant date attribute data view",""
"passed","Mon May 31 02:45:07 EEST 2021","Mon May 31 02:45:36 EEST 2021","28730","","User Journey:","","User Journey:","Wizard Option User Journey","Wizard Option User Journey",""
"passed","Mon May 31 01:22:58 EEST 2021","Mon May 31 01:23:15 EEST 2021","16725","","Field Options:","","Field Options:","User can add a field option on wizard.","User can add a field option on wizard.",""
"passed","Mon May 31 00:01:16 EEST 2021","Mon May 31 00:01:45 EEST 2021","28303","","Approval Tasks :","","Approval Tasks :","Approve a request with IsAdvisory=False, Competence Approval Mode=Any with 2 Users/2 User Competence which has an After Script.","Approve a request with IsAdvisory=False, Competence Approval Mode=Any with 2 Users/2 User Competence which has an After Script.",""
"passed","Mon May 31 02:27:09 EEST 2021","Mon May 31 02:27:37 EEST 2021","28379","","Security Roles:","","Security Roles:","User can add a security role on form.","User can add a security role on form.",""
"failed","Mon May 31 01:25:57 EEST 2021","Mon May 31 01:26:40 EEST 2021","42509","","Filtered Fields:","","Filtered Fields:","Delete filtered field","Delete filtered field",""
"passed","Mon May 31 01:30:51 EEST 2021","Mon May 31 01:31:16 EEST 2021","24967","","Flow Control:","","Flow Control:","User can update/delete a flow control rule business on Primary Key ","User can update/delete a flow control rule business on Primary Key ",""
"failed","Mon May 31 02:49:38 EEST 2021","Mon May 31 02:49:45 EEST 2021","6843","","User Journey:","","User Journey:","User can delete steps from user journey map","User can delete steps from user journey map",""
"passed","Mon May 31 01:49:36 EEST 2021","Mon May 31 01:50:12 EEST 2021","35491","","Flow Control:","","Flow Control:","User is redirected to Step3 if option set attribute equals with the given record","User is redirected to Step3 if option set attribute equals with the given record",""
"passed","Mon May 31 00:08:29 EEST 2021","Mon May 31 00:08:52 EEST 2021","22272","","Approval Tasks :","","Approval Tasks :","Reject a request with IsAdvisory=True, Competence Approval Mode=All with 1 User/1 User Competence which has an After Script.","Reject a request with IsAdvisory=True, Competence Approval Mode=All with 1 User/1 User Competence which has an After Script.",""
"passed","Mon May 31 02:54:18 EEST 2021","Mon May 31 02:54:40 EEST 2021","21996","","View:","","View:","User can inline editing cell attribute data view","User can inline editing cell attribute data view",""
"passed","Mon May 31 02:49:02 EEST 2021","Mon May 31 02:49:10 EEST 2021","8147","","User Journey:","","User Journey:","User can check steps in a DJ","User can check steps in a DJ",""
"passed","Mon May 31 03:03:33 EEST 2021","Mon May 31 03:03:43 EEST 2021","9383","","Virtual Attributes:","","Virtual Attributes:","Remove Header Lookup Items Virtual Attributes","Remove Header Lookup Items Virtual Attributes",""
"passed","Mon May 31 01:43:52 EEST 2021","Mon May 31 01:44:18 EEST 2021","25617","","Flow Control:","","Flow Control:","User is redirected to Step3 if Text Input is not blank","User is redirected to Step3 if Text Input is not blank",""
"passed","Mon May 31 02:13:47 EEST 2021","Mon May 31 02:14:36 EEST 2021","48419","","Menu Items:","","Menu Items:","Change Items Order","Change Items Order",""
"failed","Mon May 31 03:04:19 EEST 2021","Mon May 31 03:05:31 EEST 2021","72069","","Web Api Client Library:","","Web Api Client Library:","User can create, edit, delete a Web Api Client Library, WSDL type","User can create, edit, delete a Web Api Client Library, WSDL type",""
"passed","Mon May 31 01:28:46 EEST 2021","Mon May 31 01:29:00 EEST 2021","14201","","Filtered Fields:","","Filtered Fields:","Use Filtered Field - User Journey Wizard Lookup as Dropdown","Use Filtered Field - User Journey Wizard Lookup as Dropdown",""
"passed","Mon May 31 01:03:34 EEST 2021","Mon May 31 01:03:45 EEST 2021","11483","","Data Import/Export:","","Data Import/Export:","Data export - Current and All","Data export - Current and All",""
"passed","Mon May 31 02:50:15 EEST 2021","Mon May 31 02:51:01 EEST 2021","45447","","View:","","View:","User can create a view with no display name - columns section + disable column","User can create a view with no display name - columns section + disable column",""
"passed","Mon May 31 01:06:46 EEST 2021","Mon May 31 01:07:04 EEST 2021","17809","","Audit Business Entity:","","Audit Business Entity:","User audit a business entity","User audit a business entity",""
"passed","Mon May 31 00:12:14 EEST 2021","Mon May 31 00:12:40 EEST 2021","26092","","Approval Tasks :","","Approval Tasks :","Return (Need More Info) a request with IsAdvisory=False, Competence Approval Mode=Any with 2 Users/2 User Competence.","Return (Need More Info) a request with IsAdvisory=False, Competence Approval Mode=Any with 2 Users/2 User Competence.",""
"passed","Mon May 31 02:59:10 EEST 2021","Mon May 31 02:59:37 EEST 2021","27104","","Virtual Attributes:","","Virtual Attributes:","Virtual Attribute - Related Owner","Virtual Attribute - Related Owner",""
"passed","Mon May 31 02:08:40 EEST 2021","Mon May 31 02:09:37 EEST 2021","56973","","Menu Items:","","Menu Items:","Create menu sections - subsection","Create menu sections - subsection",""
"passed","Mon May 31 02:00:46 EEST 2021","Mon May 31 02:01:32 EEST 2021","45965","","Localization:","","Localization:","Localization - Attribute Display Name","Localization - Attribute Display Name",""
"passed","Mon May 31 00:05:23 EEST 2021","Mon May 31 00:05:50 EEST 2021","27095","","Approval Tasks :","","Approval Tasks :","Reject a request with IsAdvisory=True, Competence Approval Mode=All with 2 Users/2 User Competence.","Reject a request with IsAdvisory=True, Competence Approval Mode=All with 2 Users/2 User Competence.",""
"failed","Mon May 31 01:04:17 EEST 2021","Mon May 31 01:04:33 EEST 2021","16603","","Deployment Packages:","","Deployment Packages:","User can create a Deployment Package, add an Entity component and export it.","User can create a Deployment Package, add an Entity component and export it.",""
"passed","Sun May 30 23:58:38 EEST 2021","Sun May 30 23:59:05 EEST 2021","26980","","Approval Tasks :","","Approval Tasks :","Approve a request with IsAdvisory=True, Competence Approval Mode=All with 2 Users/2 User Competence which has a Before Script.","Approve a request with IsAdvisory=True, Competence Approval Mode=All with 2 Users/2 User Competence which has a Before Script.",""
"passed","Mon May 31 01:39:59 EEST 2021","Mon May 31 01:41:10 EEST 2021","70955","","Flow Control:","","Flow Control:","User is redirected to Step 2 of the current FDF instead of another FDF","User is redirected to Step 2 of the current FDF instead of another FDF",""
"passed","Mon May 31 02:21:18 EEST 2021","Mon May 31 02:21:41 EEST 2021","22961","","Reports:","","Reports:","User can edit and delete report.","User can edit and delete report.",""
"passed","Mon May 31 01:33:23 EEST 2021","Mon May 31 01:33:48 EEST 2021","24772","","Flow Control:","","Flow Control:","User can edit an action for business workflow.","User can edit an action for business workflow.",""
"passed","Mon May 31 02:30:05 EEST 2021","Mon May 31 02:30:44 EEST 2021","39097","","Server Side Scripts:","","Server Side Scripts:","User can add/edit/delete/ an event trigger","User can add/edit/delete/ an event trigger",""
"failed","Mon May 31 02:39:36 EEST 2021","Mon May 31 02:40:02 EEST 2021","26269","","UI Designer:","","UI Designer:","User can add a Relationship Type using UI Designer","User can add a Relationship Type using UI Designer",""
"passed","Mon May 31 00:35:50 EEST 2021","Mon May 31 00:36:26 EEST 2021","36434","","Basic Form:","","Basic Form:","User can create a form using autogenerate Template","User can create a form using autogenerate Template",""
"passed","Mon May 31 02:34:39 EEST 2021","Mon May 31 02:35:23 EEST 2021","44029","","Tooltip:","","Tooltip:","User can edit field option tooltip","User can edit field option tooltip",""
"passed","Mon May 31 01:55:10 EEST 2021","Mon May 31 01:55:31 EEST 2021","20921","","Flow Map:","","Flow Map:","User can delete steps from flow map","User can delete steps from flow map",""
"passed","Mon May 31 02:37:49 EEST 2021","Mon May 31 02:38:07 EEST 2021","18467","","UI Designer:","","UI Designer:","User can add a chart using UI Designer","User can add a chart using UI Designer",""
"passed","Mon May 31 01:12:20 EEST 2021","Mon May 31 01:13:01 EEST 2021","40684","","Entity:","","Entity:","Create Same Relationship between entities","Create Same Relationship between entities",""
"passed","Mon May 31 01:57:44 EEST 2021","Mon May 31 01:58:35 EEST 2021","51643","","Localization:","","Localization:","Localization - Custom User Journey","Localization - Custom User Journey",""
"failed","Mon May 31 02:02:18 EEST 2021","Mon May 31 02:02:57 EEST 2021","38792","","Localization:","","Localization:","BUG Localization - Form Header","BUG Localization - Form Header",""
"failed","Mon May 31 02:27:38 EEST 2021","Mon May 31 02:28:14 EEST 2021","36794","","Server Scripts:","","Server Scripts:","User can add WSDL script","User can add WSDL script",""
"passed","Mon May 31 02:40:03 EEST 2021","Mon May 31 02:40:23 EEST 2021","20116","","UI Designer:","","UI Designer:","User can add and select attributes","User can add and select attributes",""
"passed","Mon May 31 01:14:55 EEST 2021","Mon May 31 01:15:32 EEST 2021","36318","","External Source Data Entity:","","External Source Data Entity:","User can create and delete attributes for external source data entity","User can create and delete attributes for external source data entity",""
"passed","Mon May 31 01:39:33 EEST 2021","Mon May 31 01:39:59 EEST 2021","26496","","Flow Control:","","Flow Control:","User can use the ""Cancel Navigation"" functionality on a Flow Control","User can use the ""Cancel Navigation"" functionality on a Flow Control",""
"passed","Mon May 31 02:39:13 EEST 2021","Mon May 31 02:39:36 EEST 2021","22964","","UI Designer:","","UI Designer:","User can add a Call Form Action Button using UI Designer","User can add a Call Form Action Button using UI Designer",""
"passed","Mon May 31 01:02:20 EEST 2021","Mon May 31 01:02:48 EEST 2021","28327","","Data Import/Export:","","Data Import/Export:","Data import - Error, Limit or Wrong Lookup","Data import - Error, Limit or Wrong Lookup",""
"passed","Mon May 31 00:06:40 EEST 2021","Mon May 31 00:07:11 EEST 2021","30683","","Approval Tasks :","","Approval Tasks :","Reject a request with IsAdvisory=True, Competence Approval Mode=All with 2 Users/1 User Competence which has a Before Script.","Reject a request with IsAdvisory=True, Competence Approval Mode=All with 2 Users/1 User Competence which has a Before Script.",""
"passed","Mon May 31 01:27:12 EEST 2021","Mon May 31 01:27:41 EEST 2021","28549","","Filtered Fields:","","Filtered Fields:","Use Filtered Field - Form Lookup as Dropdown","Use Filtered Field - Form Lookup as Dropdown",""
"passed","Mon May 31 00:10:39 EEST 2021","Mon May 31 00:10:59 EEST 2021","20402","","Approval Tasks :","","Approval Tasks :","Return (Need More Info) a request with IsAdvisory=True, Competence Approval Mode=All with 1 User/1 User Competence.","Return (Need More Info) a request with IsAdvisory=True, Competence Approval Mode=All with 1 User/1 User Competence.",""
"passed","Mon May 31 01:54:49 EEST 2021","Mon May 31 01:55:10 EEST 2021","20055","","Flow Map:","","Flow Map:","User can update name and display name of flow map steps","User can update name and display name of flow map steps",""
"passed","Mon May 31 02:41:37 EEST 2021","Mon May 31 02:43:12 EEST 2021","94631","","User Journey:","","User Journey:","User can create an user journey","User can create an user journey",""
"passed","Mon May 31 01:44:53 EEST 2021","Mon May 31 01:45:25 EEST 2021","31716","","Flow Control:","","Flow Control:","User is redirected to Step3 if Invariant Date Input is Empty","User is redirected to Step3 if Invariant Date Input is Empty",""
"passed","Mon May 31 00:49:33 EEST 2021","Mon May 31 00:50:00 EEST 2021","26590","","Custom Theme:","","Custom Theme:","User can create and delete a custom theme","User can create and delete a custom theme",""
"passed","Mon May 31 00:14:43 EEST 2021","Mon May 31 00:15:38 EEST 2021","54918","","Attributes:","","Attributes:","User can add a date attribute to an entity.","User can add a date attribute to an entity.",""
"passed","Mon May 31 00:40:43 EEST 2021","Mon May 31 00:41:20 EEST 2021","36810","","Business Workflow:","","Business Workflow:","User can activate/deactivate a business workflow on an Entity and add business conditions.","User can activate/deactivate a business workflow on an Entity and add business conditions.",""
"passed","Mon May 31 01:28:06 EEST 2021","Mon May 31 01:28:30 EEST 2021","23722","","Filtered Fields:","","Filtered Fields:","Use Filtered Field - Form Sections Lookup as Dropdown","Use Filtered Field - Form Sections Lookup as Dropdown",""
"passed","Mon May 31 02:38:07 EEST 2021","Mon May 31 02:38:31 EEST 2021","24078","","UI Designer:","","UI Designer:","User can add a Button using UI Designer","User can add a Button using UI Designer",""
"passed","Mon May 31 01:02:49 EEST 2021","Mon May 31 01:03:08 EEST 2021","19635","","Data Import/Export:","","Data Import/Export:","Data import - Partial Req","Data import - Partial Req",""
"passed","Mon May 31 01:11:36 EEST 2021","Mon May 31 01:11:56 EEST 2021","20020","","Relationship Entity:","","Relationship Entity:","User can create a form entity relationship","User can create a form entity relationship",""
"passed","Mon May 31 00:32:57 EEST 2021","Mon May 31 00:33:13 EEST 2021","16055","","Attributes:","","Attributes:","User can add an Order Index Required attribute to an entity.","User can add an Order Index Required attribute to an entity.",""
"passed","Mon May 31 02:40:23 EEST 2021","Mon May 31 02:41:00 EEST 2021","37251","","User Journey:","","User Journey:","Create Custom User Journey - Link","Create Custom User Journey - Link",""
"failed","Mon May 31 02:31:12 EEST 2021","Mon May 31 02:31:48 EEST 2021","36947","","Server Side Scripts:","","Server Side Scripts:","User can add/use OpenApi Scripts","User can add/use OpenApi Scripts",""
"passed","Mon May 31 01:50:12 EEST 2021","Mon May 31 01:50:40 EEST 2021","28458","","Flow Control:","","Flow Control:","User is redirected to Step3 if text area contains the input","User is redirected to Step3 if text area contains the input",""
"passed","Mon May 31 01:32:52 EEST 2021","Mon May 31 01:33:23 EEST 2021","30387","","Flow Control:","","Flow Control:","User can create action endpoint for business workflow.","User can create action endpoint for business workflow.",""
"passed","Mon May 31 02:16:25 EEST 2021","Mon May 31 02:17:23 EEST 2021","58457","","Portal Profile:","","Portal Profile:","User can add a portal profile","User can add a portal profile",""
"passed","Mon May 31 02:49:10 EEST 2021","Mon May 31 02:49:24 EEST 2021","14516","","User Journey:","","User Journey:","User can add a form driven flow to DJ","User can add a form driven flow to DJ",""
"passed","Mon May 31 00:54:48 EEST 2021","Mon May 31 00:54:58 EEST 2021","9866","","Dashboard:","","Dashboard:","CUJ Pin to Home  dashboard","CUJ Pin to Home  dashboard",""
"passed","Mon May 31 00:11:48 EEST 2021","Mon May 31 00:12:14 EEST 2021","26128","","Approval Tasks :","","Approval Tasks :","Return (Need More Info) a request with IsAdvisory=True, Competence Approval Mode=All with 2 Users/2 User Competence.","Return (Need More Info) a request with IsAdvisory=True, Competence Approval Mode=All with 2 Users/2 User Competence.",""
"passed","Mon May 31 03:00:19 EEST 2021","Mon May 31 03:01:49 EEST 2021","90179","","Virtual Attributes:","","Virtual Attributes:","Create Header Items Virtual Attributes","Create Header Items Virtual Attributes",""
"passed","Mon May 31 01:55:54 EEST 2021","Mon May 31 01:56:08 EEST 2021","13843","","Flow Map:","","Flow Map:","User can add steps within the mockup","User can add steps within the mockup",""
"passed","Mon May 31 02:38:52 EEST 2021","Mon May 31 02:39:13 EEST 2021","21136","","UI Designer:","","UI Designer:","User can add a Call Processor Button using UI Designer","User can add a Call Processor Button using UI Designer",""
"passed","Mon May 31 01:11:14 EEST 2021","Mon May 31 01:11:36 EEST 2021","22279","","Relationship Entity:","","Relationship Entity:","User can check constraint cascade relationship","User can check constraint cascade relationship",""
"passed","Mon May 31 02:43:12 EEST 2021","Mon May 31 02:43:39 EEST 2021","27021","","User Journey:","","User Journey:","User can verify restriction and delete an user journey","User can verify restriction and delete an user journey",""
"passed","Mon May 31 00:33:45 EEST 2021","Mon May 31 00:34:37 EEST 2021","52184","","Attributes:","","Attributes:","User can add a raw text attribute to an entity.","User can add a raw text attribute to an entity.",""
"passed","Mon May 31 01:23:15 EEST 2021","Mon May 31 01:23:58 EEST 2021","42958","","Field Options:","","Field Options:","User can add a field option related Virtual Attribute.","User can add a field option related Virtual Attribute.",""
"passed","Mon May 31 02:03:33 EEST 2021","Mon May 31 02:04:15 EEST 2021","42033","","Localization:","","Localization:","Localization - Option Set","Localization - Option Set",""
"passed","Mon May 31 02:32:28 EEST 2021","Mon May 31 02:32:39 EEST 2021","11298","","Shortcuts:","","Shortcuts:","User can use shortcuts to navigate through a calendar","User can use shortcuts to navigate through a calendar",""
"passed","Mon May 31 01:33:48 EEST 2021","Mon May 31 01:34:07 EEST 2021","19626","","Flow Control:","","Flow Control:","User can delete an action for business workflow.","User can delete an action for business workflow.",""
"passed","Mon May 31 01:56:17 EEST 2021","Mon May 31 01:56:59 EEST 2021","41453","","Localization:","","Localization:","Localization - Application Language","Localization - Application Language",""
"passed","Mon May 31 00:57:48 EEST 2021","Mon May 31 00:58:31 EEST 2021","42517","","Data Config:","","Data Config:","User can create a Specialized One to One Data Definition and use Regenerate Button","User can create a Specialized One to One Data Definition and use Regenerate Button",""
"passed","Mon May 31 00:43:09 EEST 2021","Mon May 31 00:43:38 EEST 2021","28262","","Coding:","","Coding:","Coding - Basic Form Before/After Js","Coding - Basic Form Before/After Js",""
"passed","Mon May 31 01:29:33 EEST 2021","Mon May 31 01:30:11 EEST 2021","37539","","Flow Control:","","Flow Control:","User can create flow control rule business condition on Primary Key ","User can create flow control rule business condition on Primary Key ",""
"passed","Mon May 31 01:10:06 EEST 2021","Mon May 31 01:10:19 EEST 2021","13416","","Relationship Entity:","","Relationship Entity:","User can remove an existing entity relationship","User can remove an existing entity relationship",""
"passed","Mon May 31 00:07:33 EEST 2021","Mon May 31 00:08:01 EEST 2021","27810","","Approval Tasks :","","Approval Tasks :","Reject a request with IsAdvisory=True, Competence Approval Mode=All with 2 Users/2 User Competence which has a Before Script.","Reject a request with IsAdvisory=True, Competence Approval Mode=All with 2 Users/2 User Competence which has a Before Script.",""
"passed","Mon May 31 00:02:09 EEST 2021","Mon May 31 00:02:46 EEST 2021","36623","","Approval Tasks :","","Approval Tasks :","Approve a request with IsAdvisory=True, Competence Approval Mode=All with 2 Users/1 User Competence which has an After Script Error.","Approve a request with IsAdvisory=True, Competence Approval Mode=All with 2 Users/1 User Competence which has an After Script Error.",""
"passed","Mon May 31 01:07:04 EEST 2021","Mon May 31 01:07:25 EEST 2021","20869","","Audit Business Entity:","","Audit Business Entity:","User audit insert business entity","User audit insert business entity",""
"passed","Mon May 31 02:37:10 EEST 2021","Mon May 31 02:37:28 EEST 2021","18384","","UI Designer:","","UI Designer:","User can add a virtual attribute using UI Designer","User can add a virtual attribute using UI Designer",""
"passed","Mon May 31 02:14:36 EEST 2021","Mon May 31 02:15:17 EEST 2021","41112","","Option Set:","","Option Set:","Create an option set list","Create an option set list",""
"failed","Mon May 31 02:12:02 EEST 2021","Mon May 31 02:12:37 EEST 2021","34951","","Menu Items:","","Menu Items:","Create Report menu item","Create Report menu item",""
"passed","Mon May 31 00:07:11 EEST 2021","Mon May 31 00:07:33 EEST 2021","22504","","Approval Tasks :","","Approval Tasks :","Reject a request with IsAdvisory=True, Competence Approval Mode=Any with 2 Users/1 User Competence which has a Before Script.","Reject a request with IsAdvisory=True, Competence Approval Mode=Any with 2 Users/1 User Competence which has a Before Script.",""
"passed","Mon May 31 01:16:12 EEST 2021","Mon May 31 01:16:32 EEST 2021","20294","","External Source Data Entity:","","External Source Data Entity:","User tries to insert records and add attributes to External Entity","User tries to insert records and add attributes to External Entity",""
"passed","Mon May 31 02:38:32 EEST 2021","Mon May 31 02:38:52 EEST 2021","20089","","UI Designer:","","UI Designer:","User can add a Custom Button using UI Designer","User can add a Custom Button using UI Designer",""
"passed","Mon May 31 01:53:54 EEST 2021","Mon May 31 01:54:22 EEST 2021","28090","","Flow Control:","","Flow Control:","User is redirected to Step3 if Date Input is in between the given dates","User is redirected to Step3 if Date Input is in between the given dates",""
"passed","Mon May 31 00:58:31 EEST 2021","Mon May 31 00:58:47 EEST 2021","16337","","Data Config:","","Data Config:","User can create a Linked One to One Data Definition","User can create a Linked One to One Data Definition",""
"failed","Mon May 31 02:54:58 EEST 2021","Mon May 31 02:55:32 EEST 2021","33773","","View:","","View:","User can editing inline batch attribute data view","User can editing inline batch attribute data view",""
"failed","Mon May 31 02:32:39 EEST 2021","Mon May 31 02:32:43 EEST 2021","4174","","Shortcuts:","","Shortcuts:","User can use shortcuts to save","User can use shortcuts to save",""
"passed","Mon May 31 02:55:32 EEST 2021","Mon May 31 02:55:55 EEST 2021","22743","","View:","","View:","User can editing inline form attribute data view","User can editing inline form attribute data view",""
"passed","Mon May 31 02:51:01 EEST 2021","Mon May 31 02:51:39 EEST 2021","37961","","View:","","View:","User can create a view - fetch section + update column name and columns order","User can create a view - fetch section + update column name and columns order",""
"passed","Mon May 31 01:59:57 EEST 2021","Mon May 31 02:00:46 EEST 2021","48527","","Localization:","","Localization:","Localization - Text Area Attribute","Localization - Text Area Attribute",""
"passed","Mon May 31 00:59:20 EEST 2021","Mon May 31 00:59:37 EEST 2021","16774","","Data Config:","","Data Config:","User can create a Lookup Attribute Data Definition","User can create a Lookup Attribute Data Definition",""
"passed","Mon May 31 01:53:25 EEST 2021","Mon May 31 01:53:54 EEST 2021","28304","","Flow Control:","","Flow Control:","User is redirected to Step3 if Date Input is Equal with the given date","User is redirected to Step3 if Date Input is Equal with the given date",""
"passed","Mon May 31 00:04:09 EEST 2021","Mon May 31 00:04:31 EEST 2021","21544","","Approval Tasks :","","Approval Tasks :","Reject a request with IsAdvisory=True, Competence Approval Mode=All with 1 User/1 User Competence.","Reject a request with IsAdvisory=True, Competence Approval Mode=All with 1 User/1 User Competence.",""
"passed","Mon May 31 02:30:44 EEST 2021","Mon May 31 02:31:11 EEST 2021","27541","","Server Side Scripts:","","Server Side Scripts:","User can add/edit/delete/ on demand","User can add/edit/delete/ on demand",""
"passed","Mon May 31 01:29:01 EEST 2021","Mon May 31 01:29:17 EEST 2021","16918","","Filtered Fields:","","Filtered Fields:","Use Filtered Field - User Journey Lookup","Use Filtered Field - User Journey Lookup",""
"failed","Mon May 31 02:56:27 EEST 2021","Mon May 31 02:57:04 EEST 2021","37169","","View:","","View:","User can editing inline row  N to N  attribute data view","User can editing inline row  N to N  attribute data view",""
"passed","Mon May 31 03:03:02 EEST 2021","Mon May 31 03:03:33 EEST 2021","31306","","Virtual Attributes:","","Virtual Attributes:","Remove Header Items Virtual Attributes","Remove Header Items Virtual Attributes",""
"passed","Mon May 31 00:39:18 EEST 2021","Mon May 31 00:39:45 EEST 2021","27556","","Business Workflow:","","Business Workflow:","User can create a simple business workflow, with one status and initial transition.","User can create a simple business workflow, with one status and initial transition.",""
"passed","Mon May 31 01:37:40 EEST 2021","Mon May 31 01:38:07 EEST 2021","27078","","Flow Control:","","Flow Control:","User can use the Close Flow Functionality to get redirected to Homepage","User can use the Close Flow Functionality to get redirected to Homepage",""
"passed","Mon May 31 01:47:57 EEST 2021","Mon May 31 01:48:32 EEST 2021","34888","","Flow Control:","","Flow Control:","User is redirected to Step3 if bool attribute is false","User is redirected to Step3 if bool attribute is false",""
"passed","Mon May 31 01:36:37 EEST 2021","Mon May 31 01:37:07 EEST 2021","29882","","Flow Control:","","Flow Control:","User can create step1-step3-step2 action for navigate to another step ","User can create step1-step3-step2 action for navigate to another step ",""
"passed","Mon May 31 00:59:53 EEST 2021","Mon May 31 01:00:09 EEST 2021","16012","","Data Config:","","Data Config:","User can create a Many to Many Data Definition","User can create a Many to Many Data Definition",""
"passed","Mon May 31 00:08:52 EEST 2021","Mon May 31 00:09:22 EEST 2021","30782","","Approval Tasks :","","Approval Tasks :","Reject a request with IsAdvisory=True, Competence Approval Mode=All with 2 Users/1 User Competence which has an After Script.","Reject a request with IsAdvisory=True, Competence Approval Mode=All with 2 Users/1 User Competence which has an After Script.",""
"passed","Sun May 30 23:59:05 EEST 2021","Sun May 30 23:59:32 EEST 2021","26710","","Approval Tasks :","","Approval Tasks :","Approve a request with IsAdvisory=False, Competence Approval Mode=Any with 2 Users/2 User Competence which has a Before Script.","Approve a request with IsAdvisory=False, Competence Approval Mode=Any with 2 Users/2 User Competence which has a Before Script.",""
"passed","Mon May 31 01:34:08 EEST 2021","Mon May 31 01:34:32 EEST 2021","24503","","Flow Control:","","Flow Control:","User can create a 3 entity loop","User can create a 3 entity loop",""
"failed","Mon May 31 02:34:06 EEST 2021","Mon May 31 02:34:39 EEST 2021","33116","","Style Sheet:","","Style Sheet:","User can edit an existing stylesheet","User can edit an existing stylesheet",""
"passed","Sun May 30 23:56:29 EEST 2021","Sun May 30 23:56:55 EEST 2021","26330","","Approval Tasks :","","Approval Tasks :","Approve a request with IsAdvisory=True, Competence Approval Mode=All with 2 Users/2 User Competence.","Approve a request with IsAdvisory=True, Competence Approval Mode=All with 2 Users/2 User Competence.",""
"passed","Mon May 31 02:10:52 EEST 2021","Mon May 31 02:12:02 EEST 2021","69768","","Menu Items:","","Menu Items:","Create CUJ menu item","Create CUJ menu item",""
"passed","Mon May 31 00:58:47 EEST 2021","Mon May 31 00:59:04 EEST 2021","16473","","Data Config:","","Data Config:","User can create a Parent Data Definition","User can create a Parent Data Definition",""
"passed","Mon May 31 02:41:00 EEST 2021","Mon May 31 02:41:37 EEST 2021","36773","","User Journey:","","User Journey:","Create Custom User Journey - HTML","Create Custom User Journey - HTML",""
"passed","Mon May 31 00:54:33 EEST 2021","Mon May 31 00:54:48 EEST 2021","14737","","Dashboard:","","Dashboard:","Add Pin to Home  dashboard","Add Pin to Home  dashboard",""
"passed","Mon May 31 00:19:32 EEST 2021","Mon May 31 00:20:08 EEST 2021","36339","","Attributes:","","Attributes:","Add an Option set attribute","Add an Option set attribute",""
"passed","Mon May 31 00:27:35 EEST 2021","Mon May 31 00:28:01 EEST 2021","25854","","Attributes:","","Attributes:","User can add an Xml attribute to an entity.","User can add an Xml attribute to an entity.",""
"passed","Mon May 31 00:16:31 EEST 2021","Mon May 31 00:17:43 EEST 2021","72649","","Attributes:","","Attributes:","User can add a lookup attribute to an entity for all required level.","User can add a lookup attribute to an entity for all required level.",""
"passed","Mon May 31 01:41:10 EEST 2021","Mon May 31 01:42:26 EEST 2021","75792","","Flow Control:","","Flow Control:","User is redirected to another FDF instead of Step2 of the current FDF ","User is redirected to another FDF instead of Step2 of the current FDF ",""
"passed","Mon May 31 00:35:11 EEST 2021","Mon May 31 00:35:50 EEST 2021","38814","","Basic Form:","","Basic Form:","User can create a form using HTML source code and mark as default","User can create a form using HTML source code and mark as default",""
"passed","Mon May 31 01:49:04 EEST 2021","Mon May 31 01:49:36 EEST 2021","32165","","Flow Control:","","Flow Control:","User is redirected to Step3 if option set attribute is not blank","User is redirected to Step3 if option set attribute is not blank",""
"passed","Mon May 31 01:32:21 EEST 2021","Mon May 31 01:32:52 EEST 2021","31042","","Flow Control:","","Flow Control:","User can create action report for business workflow.","User can create action report for business workflow.",""
"passed","Mon May 31 01:46:04 EEST 2021","Mon May 31 01:46:40 EEST 2021","35205","","Flow Control:","","Flow Control:","User is redirected to Step3 if Lookup Input is blank","User is redirected to Step3 if Lookup Input is blank",""
"passed","Mon May 31 01:05:51 EEST 2021","Mon May 31 01:06:16 EEST 2021","24115","","Business Entity:","","Business Entity:","User can delete a business entity","User can delete a business entity",""
"passed","Mon May 31 01:18:05 EEST 2021","Mon May 31 01:18:16 EEST 2021","11329","","Transient Data Entity:","","Transient Data Entity:","User can use a Transient Entity to get info in a Form Driven Flow","User can use a Transient Entity to get info in a Form Driven Flow",""
"passed","Mon May 31 02:43:39 EEST 2021","Mon May 31 02:44:11 EEST 2021","32051","","User Journey:","","User Journey:","User can access  a wizard  user journey","User can access  a wizard  user journey",""
"passed","Mon May 31 02:57:25 EEST 2021","Mon May 31 02:57:45 EEST 2021","19888","","View:","","View:","Delete Default Restriction","Delete Default Restriction",""
"passed","Mon May 31 02:57:45 EEST 2021","Mon May 31 02:58:25 EEST 2021","40668","","View:","","View:","User can create a view - fetch designer section","User can create a view - fetch designer section",""
"passed","Mon May 31 00:15:38 EEST 2021","Mon May 31 00:16:31 EEST 2021","52295","","Attributes:","","Attributes:","User can add a Javscript attribute to an entity.","User can add a Javscript attribute to an entity.",""
"passed","Mon May 31 00:34:37 EEST 2021","Mon May 31 00:35:11 EEST 2021","33477","","Attributes:","","Attributes:","User can add a lookup attribute to an entity and verify relation in Portal.","User can add a lookup attribute to an entity and verify relation in Portal.",""
"passed","Mon May 31 02:35:24 EEST 2021","Mon May 31 02:35:51 EEST 2021","27674","","Tooltip:","","Tooltip:","User can edit attribute tooltip","User can edit attribute tooltip",""
"passed","Mon May 31 02:36:51 EEST 2021","Mon May 31 02:37:10 EEST 2021","18589","","UI Designer:","","UI Designer:","User can select a label attribute from UI Designer","User can select a label attribute from UI Designer",""
"passed","Mon May 31 01:06:16 EEST 2021","Mon May 31 01:06:46 EEST 2021","30340","","Business Entity:","","Business Entity:","User can edit a business entity","User can edit a business entity",""
"passed","Mon May 31 01:13:53 EEST 2021","Mon May 31 01:14:18 EEST 2021","25365","","External Source Data Entity:","","External Source Data Entity:","User can create a new external source data entity","User can create a new external source data entity",""
"passed","Mon May 31 00:51:30 EEST 2021","Mon May 31 00:52:09 EEST 2021","38393","","Dashboard:","","Dashboard:","User can create a widget for dashboard","User can create a widget for dashboard",""
"failed","Mon May 31 02:55:55 EEST 2021","Mon May 31 02:56:27 EEST 2021","31279","","View:","","View:","User can editing inline row  1 to N  attribute data view","User can editing inline row  1 to N  attribute data view",""
"passed","Mon May 31 00:20:08 EEST 2021","Mon May 31 00:21:01 EEST 2021","52692","","Attributes:","","Attributes:","User can add a text attribute to an entity.","User can add a text attribute to an entity.",""
"passed","Mon May 31 00:24:18 EEST 2021","Mon May 31 00:24:49 EEST 2021","31804","","Attributes:","","Attributes:","User can edit an attribute limitation.","User can edit an attribute limitation.",""
"passed","Mon May 31 02:44:11 EEST 2021","Mon May 31 02:45:07 EEST 2021","55666","","User Journey:","","User Journey:","User can update steps user journey","User can update steps user journey",""
"passed","Mon May 31 01:27:41 EEST 2021","Mon May 31 01:28:06 EEST 2021","24902","","Filtered Fields:","","Filtered Fields:","Use Filtered Field - Form Sections Lookup","Use Filtered Field - Form Sections Lookup",""
"passed","Mon May 31 00:11:27 EEST 2021","Mon May 31 00:11:48 EEST 2021","20783","","Approval Tasks :","","Approval Tasks :","Return (Need More Info) a request with IsAdvisory=True, Competence Approval Mode=Any with 2 Users/1 User Competence.","Return (Need More Info) a request with IsAdvisory=True, Competence Approval Mode=Any with 2 Users/1 User Competence.",""
"passed","Mon May 31 02:04:15 EEST 2021","Mon May 31 02:04:59 EEST 2021","43315","","Localization:","","Localization:","Localization - View Column and Display Name","Localization - View Column and Display Name",""
"passed","Mon May 31 00:04:31 EEST 2021","Mon May 31 00:05:00 EEST 2021","29493","","Approval Tasks :","","Approval Tasks :","Reject a request with IsAdvisory=True, Competence Approval Mode=All with 2 Users/1 User Competence.","Reject a request with IsAdvisory=True, Competence Approval Mode=All with 2 Users/1 User Competence.",""
"passed","Mon May 31 01:29:18 EEST 2021","Mon May 31 01:29:33 EEST 2021","15381","","Filtered Fields:","","Filtered Fields:","Use Filtered Field - User Journey Lookup as Dropdown","Use Filtered Field - User Journey Lookup as Dropdown",""
"passed","Mon May 31 01:09:24 EEST 2021","Mon May 31 01:09:43 EEST 2021","18938","","Relationship Entity:","","Relationship Entity:","User can insert an existing entity relationship","User can insert an existing entity relationship",""
"passed","Mon May 31 00:55:26 EEST 2021","Mon May 31 00:56:01 EEST 2021","35514","","Dashboard:","","Dashboard:","User adds an Entity View to Dashboard","User adds an Entity View to Dashboard",""
"passed","Mon May 31 01:16:39 EEST 2021","Mon May 31 01:17:39 EEST 2021","60208","","Transient Data Entity:","","Transient Data Entity:","User can create a new transient data entity","User can create a new transient data entity",""
"passed","Mon May 31 00:41:20 EEST 2021","Mon May 31 00:41:29 EEST 2021","9032","","Business Workflow:","","Business Workflow:","User can change the business workflow status of an entry","User can change the business workflow status of an entry",""
"passed","Mon May 31 00:10:12 EEST 2021","Mon May 31 00:10:39 EEST 2021","26859","","Approval Tasks :","","Approval Tasks :","Reject a request with IsAdvisory=False, Competence Approval Mode=Any with 2 Users/2 User Competence which has an After Script.","Reject a request with IsAdvisory=False, Competence Approval Mode=Any with 2 Users/2 User Competence which has an After Script.",""
"passed","Mon May 31 00:46:53 EEST 2021","Mon May 31 00:47:27 EEST 2021","33640","","Coding:","","Coding:","Coding - Wizard Sections code","Coding - Wizard Sections code",""
"passed","Mon May 31 00:45:51 EEST 2021","Mon May 31 00:46:13 EEST 2021","22203","","Coding:","","Coding:","Coding - View After Js","Coding - View After Js",""
"failed","Mon May 31 00:50:00 EEST 2021","Mon May 31 00:51:30 EEST 2021","90042","","Custom Theme:","","Custom Theme:","User can edit a custom theme","User can edit a custom theme",""
"passed","Mon May 31 00:53:03 EEST 2021","Mon May 31 00:53:41 EEST 2021","37856","","Dashboard:","","Dashboard:","User can edit shortcut widget dashboard","User can edit shortcut widget dashboard",""
"passed","Mon May 31 01:22:17 EEST 2021","Mon May 31 01:22:58 EEST 2021","40257","","Field Options:","","Field Options:","User can add a field option on User Journey.","User can add a field option on User Journey.",""
"failed","Mon May 31 00:56:25 EEST 2021","Mon May 31 00:57:21 EEST 2021","55951","","Dashboard:","","Dashboard:","BUG - DPA-16036 : User can add a custom entity shortcut to dashboard","BUG - DPA-16036 : User can add a custom entity shortcut to dashboard",""
"passed","Mon May 31 00:46:14 EEST 2021","Mon May 31 00:46:53 EEST 2021","39278","","Coding:","","Coding:","Coding - Wizard Generic code","Coding - Wizard Generic code",""
"passed","Mon May 31 02:04:59 EEST 2021","Mon May 31 02:05:50 EEST 2021","50998","","Menu Items:","","Menu Items:","Form and View Entity Menu","Form and View Entity Menu",""
"passed","Mon May 31 01:38:34 EEST 2021","Mon May 31 01:39:03 EEST 2021","28764","","Flow Control:","","Flow Control:","User can use the Close Flow Functionality to get redirected to Entity List","User can use the Close Flow Functionality to get redirected to Entity List",""
"failed","Mon May 31 01:13:22 EEST 2021","Mon May 31 01:13:52 EEST 2021","30522","","Entity:","","Entity:","BUG DPA-15776 : Relationship NtoN Same","BUG DPA-15776 : Relationship NtoN Same",""
"passed","Mon May 31 02:19:08 EEST 2021","Mon May 31 02:19:49 EEST 2021","40363","","Reports:","","Reports:","User can create a document report for entity.","User can create a document report for entity.",""
"passed","Mon May 31 00:31:48 EEST 2021","Mon May 31 00:32:57 EEST 2021","68804","","Attributes:","","Attributes:","User can add a whole number attribute to an entity.","User can add a whole number attribute to an entity.",""
"passed","Mon May 31 00:28:01 EEST 2021","Mon May 31 00:28:58 EEST 2021","56766","","Attributes:","","Attributes:","User can add a Date Time attribute to an entity.","User can add a Date Time attribute to an entity.",""
"passed","Mon May 31 01:02:01 EEST 2021","Mon May 31 01:02:20 EEST 2021","19388","","Data Import/Export:","","Data Import/Export:","Data import - Import Template","Data import - Import Template",""
"passed","Mon May 31 01:55:31 EEST 2021","Mon May 31 01:55:40 EEST 2021","8868","","Flow Map:","","Flow Map:","User can verify steps within a mockup","User can verify steps within a mockup",""
"passed","Mon May 31 00:54:18 EEST 2021","Mon May 31 00:54:33 EEST 2021","15453","","Dashboard:","","Dashboard:","List Pin to Home  dashboard","List Pin to Home  dashboard",""
"passed","Mon May 31 01:03:15 EEST 2021","Mon May 31 01:03:34 EEST 2021","18886","","Data Import/Export:","","Data Import/Export:","Data export - Localization","Data export - Localization",""
"passed","Mon May 31 00:03:40 EEST 2021","Mon May 31 00:04:09 EEST 2021","29196","","Approval Tasks :","","Approval Tasks :","Approve a request with IsAdvisory=False, Competence Approval Mode=Any with 2 Users/2 User Competence which has an After Script Error.","Approve a request with IsAdvisory=False, Competence Approval Mode=Any with 2 Users/2 User Competence which has an After Script Error.",""
"passed","Mon May 31 02:32:16 EEST 2021","Mon May 31 02:32:27 EEST 2021","11510","","Shortcuts:","","Shortcuts:","User can use shortcuts to navigate a dropdown","User can use shortcuts to navigate a dropdown",""
"failed","Mon May 31 00:22:53 EEST 2021","Mon May 31 00:23:20 EEST 2021","27330","","Attributes:","","Attributes:","User can delete a text attribute of an entity.","User can delete a text attribute of an entity.",""
"passed","Mon May 31 01:35:13 EEST 2021","Mon May 31 01:35:35 EEST 2021","21708","","Flow Control:","","Flow Control:","User can add a close flow dashboard for navigate to another step ","User can add a close flow dashboard for navigate to another step ",""
"passed","Mon May 31 02:06:19 EEST 2021","Mon May 31 02:06:52 EEST 2021","32910","","Menu Items:","","Menu Items:","Delete menu items","Delete menu items",""
"passed","Mon May 31 02:15:51 EEST 2021","Mon May 31 02:16:24 EEST 2021","33580","","Option Set:","","Option Set:","Virtual attribute - update order index","Virtual attribute - update order index",""
"passed","Mon May 31 01:45:25 EEST 2021","Mon May 31 01:46:04 EEST 2021","39445","","Flow Control:","","Flow Control:","User is redirected to Step3 if Lookup Input is Equal with the given record","User is redirected to Step3 if Lookup Input is Equal with the given record",""
"passed","Mon May 31 00:09:45 EEST 2021","Mon May 31 00:10:12 EEST 2021","26787","","Approval Tasks :","","Approval Tasks :","Reject a request with IsAdvisory=True, Competence Approval Mode=All with 2 Users/2 User Competence which has an After Script.","Reject a request with IsAdvisory=True, Competence Approval Mode=All with 2 Users/2 User Competence which has an After Script.",""
"passed","Mon May 31 01:46:40 EEST 2021","Mon May 31 01:47:18 EEST 2021","37972","","Flow Control:","","Flow Control:","User is redirected to Step3 if Lookup Input is not blank","User is redirected to Step3 if Lookup Input is not blank",""
"passed","Mon May 31 00:40:26 EEST 2021","Mon May 31 00:40:43 EEST 2021","17193","","Business Workflow:","","Business Workflow:","User can delete a business workflow: delete a BW with Entity attached and without Entity attached","User can delete a business workflow: delete a BW with Entity attached and without Entity attached",""
"passed","Mon May 31 01:01:09 EEST 2021","Mon May 31 01:02:00 EEST 2021","51944","","Data Import/Export:","","Data Import/Export:","Data import - Create Template","Data import - Create Template",""
"failed","Sun May 30 23:54:35 EEST 2021","Sun May 30 23:56:07 EEST 2021","92273","","Approval Tasks :","","Approval Tasks :","Approve a request with IsAdvisory=True, Competence Approval Mode=All with 2 Users/1 User Competence.","Approve a request with IsAdvisory=True, Competence Approval Mode=All with 2 Users/1 User Competence.",""
"failed","Mon May 31 01:42:55 EEST 2021","Mon May 31 01:43:26 EEST 2021","31382","","Flow Control:","","Flow Control:","BUG DPA-15886 : User is redirected to Step3 if Text Input does not contain the given record","BUG DPA-15886 : User is redirected to Step3 if Text Input does not contain the given record",""
"passed","Mon May 31 02:29:37 EEST 2021","Mon May 31 02:30:05 EEST 2021","27778","","Server Scripts:","","Server Scripts:","User can add/use fluent query script","User can add/use fluent query script",""
"passed","Mon May 31 01:18:53 EEST 2021","Mon May 31 01:19:29 EEST 2021","35940","","Extended Model:","","Extended Model:","Backoffice user creates an extended model - related","Backoffice user creates an extended model - related",""
"passed","Mon May 31 00:08:01 EEST 2021","Mon May 31 00:08:29 EEST 2021","27863","","Approval Tasks :","","Approval Tasks :","Reject a request with IsAdvisory=False, Competence Approval Mode=Any with 2 Users/2 User Competence which has a Before Script.","Reject a request with IsAdvisory=False, Competence Approval Mode=Any with 2 Users/2 User Competence which has a Before Script.",""
"passed","Mon May 31 00:23:21 EEST 2021","Mon May 31 00:23:53 EEST 2021","32142","","Attributes:","","Attributes:","User can edit a text attribute of an entity.","User can edit a text attribute of an entity.",""
"failed","Mon May 31 02:25:58 EEST 2021","Mon May 31 02:26:40 EEST 2021","41621","","Security Roles:","","Security Roles:","User can create a system user that is not authorized.","User can create a system user that is not authorized.",""
"failed","Mon May 31 02:21:41 EEST 2021","Mon May 31 02:22:22 EEST 2021","40663","","Security Roles:","","Security Roles:","User can add a security role for custom flow.","User can add a security role for custom flow.",""
"passed","Mon May 31 00:25:15 EEST 2021","Mon May 31 00:25:50 EEST 2021","34497","","Attributes:","","Attributes:","User can add a Html attribute to an entity.","User can add a Html attribute to an entity.",""
"passed","Mon May 31 02:05:50 EEST 2021","Mon May 31 02:06:19 EEST 2021","28716","","Menu Items:","","Menu Items:","Delete menu sections","Delete menu sections",""
"passed","Mon May 31 01:37:07 EEST 2021","Mon May 31 01:37:40 EEST 2021","32859","","Flow Control:","","Flow Control:","User can add action for navigate to another flow ","User can add action for navigate to another flow ",""
"passed","Mon May 31 02:20:23 EEST 2021","Mon May 31 02:20:49 EEST 2021","25840","","Reports:","","Reports:","User can create a general custom report for entity.","User can create a general custom report for entity.",""
"passed","Mon May 31 01:56:59 EEST 2021","Mon May 31 01:57:43 EEST 2021","44734","","Localization:","","Localization:","Localization - HTML form attribute","Localization - HTML form attribute",""
"passed","Mon May 31 02:53:21 EEST 2021","Mon May 31 02:53:35 EEST 2021","14453","","View:","","View:","User can search and filter by numeric attribute data view","User can search and filter by numeric attribute data view",""
"passed","Mon May 31 00:21:01 EEST 2021","Mon May 31 00:22:53 EEST 2021","111976","","Attributes:","","Attributes:","User can edit a virtual attribute limitation.","User can edit a virtual attribute limitation.",""
"passed","Mon May 31 00:30:48 EEST 2021","Mon May 31 00:31:48 EEST 2021","60131","","Attributes:","","Attributes:","User can add an unique identifier attribute to an entity.","User can add an unique identifier attribute to an entity.",""
"passed","Mon May 31 02:07:27 EEST 2021","Mon May 31 02:08:40 EEST 2021","73444","","Menu Items:","","Menu Items:","Disable menu Items","Disable menu Items",""
"passed","Sun May 30 23:59:32 EEST 2021","Sun May 30 23:59:53 EEST 2021","21337","","Approval Tasks :","","Approval Tasks :","Approve a request with IsAdvisory=True, Competence Approval Mode=All with 1 User/1 User Competence which has an After Script.","Approve a request with IsAdvisory=True, Competence Approval Mode=All with 1 User/1 User Competence which has an After Script.",""
"passed","Mon May 31 02:47:44 EEST 2021","Mon May 31 02:47:59 EEST 2021","14670","","User Journey:","","User Journey:","User Journey - Header Attribute Type","User Journey - Header Attribute Type",""
"passed","Mon May 31 00:44:16 EEST 2021","Mon May 31 00:44:44 EEST 2021","28444","","Coding:","","Coding:","Coding - Custom Uj After Js and External Link","Coding - Custom Uj After Js and External Link",""
"passed","Mon May 31 03:03:43 EEST 2021","Mon May 31 03:04:19 EEST 2021","35892","","Web Api Client Library:","","Web Api Client Library:","User can create, edit, delete a Web Api Client Library, OpenApi type","User can create, edit, delete a Web Api Client Library, OpenApi type",""
"passed","Mon May 31 01:35:35 EEST 2021","Mon May 31 01:35:55 EEST 2021","19771","","Flow Control:","","Flow Control:","User can add a close flow prev context for navigate to another step ","User can add a close flow prev context for navigate to another step ",""
"failed","Mon May 31 02:32:44 EEST 2021","Mon May 31 02:33:08 EEST 2021","24184","","Shortcuts:","","Shortcuts:","User can use shortcuts to move in application","User can use shortcuts to move in application",""
"passed","Mon May 31 00:23:53 EEST 2021","Mon May 31 00:24:17 EEST 2021","24298","","Attributes:","","Attributes:","Automate Edit/Delete lookup functionality","Automate Edit/Delete lookup functionality",""
"passed","Mon May 31 01:14:40 EEST 2021","Mon May 31 01:14:55 EEST 2021","15401","","External Source Data Entity:","","External Source Data Entity:","User can delete an existing external source data entity","User can delete an existing external source data entity",""
"passed","Mon May 31 02:52:56 EEST 2021","Mon May 31 02:53:08 EEST 2021","12030","","View:","","View:","User can search and filter by a lookup attribute data view","User can search and filter by a lookup attribute data view",""
"passed","Mon May 31 01:24:37 EEST 2021","Mon May 31 01:25:13 EEST 2021","35665","","Filtered Fields:","","Filtered Fields:","Create filtered field - Form","Create filtered field - Form",""
"passed","Sun May 30 23:56:08 EEST 2021","Sun May 30 23:56:29 EEST 2021","20834","","Approval Tasks :","","Approval Tasks :","Approve a request with IsAdvisory=True, Competence Approval Mode=Any with 2 Users/1 User Competence.","Approve a request with IsAdvisory=True, Competence Approval Mode=Any with 2 Users/1 User Competence.",""
"passed","Mon May 31 02:12:37 EEST 2021","Mon May 31 02:13:47 EEST 2021","69902","","Menu Items:","","Menu Items:","Edit display menu item","Edit display menu item",""
"passed","Mon May 31 01:52:31 EEST 2021","Mon May 31 01:52:56 EEST 2021","25692","","Flow Control:","","Flow Control:","User is redirected to Step3 if the numeric input is not blank","User is redirected to Step3 if the numeric input is not blank",""
"passed","Mon May 31 00:39:45 EEST 2021","Mon May 31 00:40:26 EEST 2021","40127","","Business Workflow:","","Business Workflow:","User can edit a business workflow: attach entity, add new status and transition","User can edit a business workflow: attach entity, add new status and transition",""
"passed","Mon May 31 01:48:32 EEST 2021","Mon May 31 01:49:04 EEST 2021","32055","","Flow Control:","","Flow Control:","User is redirected to Step3 if option set attribute is blank","User is redirected to Step3 if option set attribute is blank",""
"passed","Mon May 31 00:52:26 EEST 2021","Mon May 31 00:53:03 EEST 2021","36906","","Dashboard:","","Dashboard:","User can edit HTML widget dashboard","User can edit HTML widget dashboard",""
"failed","Mon May 31 02:45:36 EEST 2021","Mon May 31 02:46:47 EEST 2021","70466","","User Journey:","","User Journey:","User Journey - Create Header","User Journey - Create Header",""
"passed","Mon May 31 00:18:34 EEST 2021","Mon May 31 00:19:32 EEST 2021","57213","","Attributes:","","Attributes:","User can add a numeric attribute to an entity.","User can add a numeric attribute to an entity.",""
"passed","Mon May 31 00:03:10 EEST 2021","Mon May 31 00:03:40 EEST 2021","29673","","Approval Tasks :","","Approval Tasks :","Approve a request with IsAdvisory=True, Competence Approval Mode=All with 2 Users/2 User Competence which has an After Script Error.","Approve a request with IsAdvisory=True, Competence Approval Mode=All with 2 Users/2 User Competence which has an After Script Error.",""
"passed","Mon May 31 00:26:16 EEST 2021","Mon May 31 00:26:42 EEST 2021","26068","","Attributes:","","Attributes:","User can add an Icon Picker attribute to an entity.","User can add an Icon Picker attribute to an entity.",""
"passed","Mon May 31 01:26:40 EEST 2021","Mon May 31 01:27:12 EEST 2021","31945","","Filtered Fields:","","Filtered Fields:","Use Filtered Field - Form Lookup","Use Filtered Field - Form Lookup",""
"passed","Mon May 31 02:24:57 EEST 2021","Mon May 31 02:25:19 EEST 2021","21792","","Security Roles:","","Security Roles:","User can create a system user","User can create a system user",""
"failed","Mon May 31 02:33:34 EEST 2021","Mon May 31 02:34:05 EEST 2021","31403","","Style Sheet:","","Style Sheet:","User can create and delete a stylesheet","User can create and delete a stylesheet",""
"passed","Mon May 31 00:05:00 EEST 2021","Mon May 31 00:05:22 EEST 2021","21938","","Approval Tasks :","","Approval Tasks :","Reject a request with IsAdvisory=True, Competence Approval Mode=Any with 2 Users/1 User Competence.","Reject a request with IsAdvisory=True, Competence Approval Mode=Any with 2 Users/1 User Competence.",""
"passed","Mon May 31 00:33:13 EEST 2021","Mon May 31 00:33:29 EEST 2021","15885","","Attributes:","","Attributes:","User can add an Order Index Readonly attribute to an entity.","User can add an Order Index Readonly attribute to an entity.",""
"passed","Mon May 31 00:10:59 EEST 2021","Mon May 31 00:11:27 EEST 2021","27822","","Approval Tasks :","","Approval Tasks :","Return (Need More Info) a request with IsAdvisory=True, Competence Approval Mode=All with 2 Users/1 User Competence.","Return (Need More Info) a request with IsAdvisory=True, Competence Approval Mode=All with 2 Users/1 User Competence.",""
"passed","Mon May 31 03:01:49 EEST 2021","Mon May 31 03:03:02 EEST 2021","72475","","Virtual Attributes:","","Virtual Attributes:","Edit Header Items Virtual Attributes","Edit Header Items Virtual Attributes",""
"passed","Mon May 31 02:25:19 EEST 2021","Mon May 31 02:25:47 EEST 2021","28482","","Security Roles:","","Security Roles:","User can create a system user with admin privileges","User can create a system user with admin privileges",""
"passed","Mon May 31 02:06:52 EEST 2021","Mon May 31 02:07:27 EEST 2021","34611","","Menu Items:","","Menu Items:","Disable menu sections","Disable menu sections",""
"passed","Mon May 31 00:53:41 EEST 2021","Mon May 31 00:54:17 EEST 2021","36278","","Dashboard:","","Dashboard:","User can delete and change order shortcut widget dashboard","User can delete and change order shortcut widget dashboard",""
"passed","Mon May 31 02:22:43 EEST 2021","Mon May 31 02:23:17 EEST 2021","33318","","Security Roles:","","Security Roles:","User can add a security role on form step.","User can add a security role on form step.",""
"passed","Mon May 31 01:23:58 EEST 2021","Mon May 31 01:24:37 EEST 2021","39332","","Field Options:","","Field Options:","User check field option validation.","User check field option validation.",""
"passed","Mon May 31 01:19:29 EEST 2021","Mon May 31 01:20:08 EEST 2021","38692","","Field Options:","","Field Options:","User can add a field option Virtual Attribute","User can add a field option Virtual Attribute",""
"passed","Mon May 31 02:53:08 EEST 2021","Mon May 31 02:53:21 EEST 2021","12530","","View:","","View:","User can search and filter by whole number attribute data view","User can search and filter by whole number attribute data view",""
"passed","Mon May 31 01:30:11 EEST 2021","Mon May 31 01:30:51 EEST 2021","40018","","Flow Control:","","Flow Control:","User can create flow control rule business condition on Lookup key  ","User can create flow control rule business condition on Lookup key  ",""
"passed","Mon May 31 00:56:01 EEST 2021","Mon May 31 00:56:24 EEST 2021","22963","","Dashboard:","","Dashboard:","User can add a custom shortcut to dashboard","User can add a custom shortcut to dashboard",""
"passed","Mon May 31 00:13:47 EEST 2021","Mon May 31 00:14:43 EEST 2021","56475","","Attributes:","","Attributes:","User can add a color attribute to an entity.","User can add a color attribute to an entity.",""
"passed","Mon May 31 01:38:07 EEST 2021","Mon May 31 01:38:34 EEST 2021","27290","","Flow Control:","","Flow Control:","User can use the Close Flow Functionality to get redirected to Previous Context","User can use the Close Flow Functionality to get redirected to Previous Context",""
"passed","Mon May 31 02:22:22 EEST 2021","Mon May 31 02:22:43 EEST 2021","20906","","Security Roles:","","Security Roles:","User can add a security role for dashboard.","User can add a security role for dashboard.",""
"failed","Mon May 31 01:50:41 EEST 2021","Mon May 31 01:51:12 EEST 2021","31386","","Flow Control:","","Flow Control:","BUG: User is redirected to Step3 if text area does not contain the input","BUG: User is redirected to Step3 if text area does not contain the input",""
"passed","Mon May 31 01:14:18 EEST 2021","Mon May 31 01:14:40 EEST 2021","21517","","External Source Data Entity:","","External Source Data Entity:","User can edit an existing external source data entity","User can edit an existing external source data entity",""
"passed","Mon May 31 00:25:50 EEST 2021","Mon May 31 00:26:16 EEST 2021","26081","","Attributes:","","Attributes:","User can add a Html Raw attribute to an entity.","User can add a Html Raw attribute to an entity.",""
"failed","Mon May 31 02:17:23 EEST 2021","Mon May 31 02:19:08 EEST 2021","104755","","Portal Profile:","","Portal Profile:","User can edit a portal profile","User can edit a portal profile",""
"passed","Mon May 31 00:49:02 EEST 2021","Mon May 31 00:49:33 EEST 2021","31149","","Coding:","","Coding:","Coding - Field Options User Journey","Coding - Field Options User Journey",""
"passed","Mon May 31 01:54:22 EEST 2021","Mon May 31 01:54:49 EEST 2021","27451","","Flow Map:","","Flow Map:","User can add a step to flow map","User can add a step to flow map",""
"passed","Mon May 31 02:36:10 EEST 2021","Mon May 31 02:36:51 EEST 2021","41671","","UI Designer:","","UI Designer:","User can add a Label Attribute using UI Designer","User can add a Label Attribute using UI Designer",""
"passed","Mon May 31 02:23:17 EEST 2021","Mon May 31 02:23:47 EEST 2021","29867","","Security Roles:","","Security Roles:","User can add a security role on entity extension.","User can add a security role on entity extension.",""
"passed","Mon May 31 02:53:48 EEST 2021","Mon May 31 02:54:01 EEST 2021","12985","","View:","","View:","User can search and filter by a date time attribute data view","User can search and filter by a date time attribute data view",""
"passed","Mon May 31 00:42:39 EEST 2021","Mon May 31 00:43:09 EEST 2021","30060","","Business Workflow:","","Business Workflow:","User can edit Approval rules from an existing business workflow and delete them.","User can edit Approval rules from an existing business workflow and delete them.",""
"failed","Mon May 31 02:33:09 EEST 2021","Mon May 31 02:33:33 EEST 2021","24176","","Shortcuts:","","Shortcuts:","User can use shortcuts select checkboxes/radio buttons","User can use shortcuts select checkboxes/radio buttons",""
"failed","Mon May 31 02:47:59 EEST 2021","Mon May 31 02:48:32 EEST 2021","32553","","User Journey:","","User Journey:","User Journey - Header Lookup","User Journey - Header Lookup",""
"failed","Mon May 31 01:20:08 EEST 2021","Mon May 31 01:20:41 EEST 2021","32732","","Field Options:","","Field Options:","User can delete a field option.","User can delete a field option.",""
"passed","Mon May 31 01:07:25 EEST 2021","Mon May 31 01:07:48 EEST 2021","23141","","Audit Business Entity:","","Audit Business Entity:","User audit edit business entity","User audit edit business entity",""
"passed","Mon May 31 01:25:13 EEST 2021","Mon May 31 01:25:57 EEST 2021","44086","","Filtered Fields:","","Filtered Fields:","Create filtered field - User Journey","Create filtered field - User Journey",""
"passed","Mon May 31 02:49:24 EEST 2021","Mon May 31 02:49:38 EEST 2021","13876","","User Journey:","","User Journey:","User can edit the steps in a DJ","User can edit the steps in a DJ",""
"failed","Mon May 31 00:54:58 EEST 2021","Mon May 31 00:55:25 EEST 2021","27148","","Dashboard:","","Dashboard:","Edit Pin to Home  dashboard","Edit Pin to Home  dashboard",""
"passed","Mon May 31 01:15:32 EEST 2021","Mon May 31 01:16:12 EEST 2021","40209","","External Source Data Entity:","","External Source Data Entity:","User can edit/delete a Lookup Attribute for External Entity","User can edit/delete a Lookup Attribute for External Entity",""
"passed","Mon May 31 01:44:18 EEST 2021","Mon May 31 01:44:53 EEST 2021","34872","","Flow Control:","","Flow Control:","User is redirected to Step3 if Invariant Date Input is Equal with the given date","User is redirected to Step3 if Invariant Date Input is Equal with the given date",""
"passed","Mon May 31 01:35:55 EEST 2021","Mon May 31 01:36:37 EEST 2021","41720","","Flow Control:","","Flow Control:","User can add a close flow not used for navigate to another step ","User can add a close flow not used for navigate to another step ",""
